<?xml version="1.0" encoding="UTF-8"?>
<project-private xmlns="http://www.netbeans.org/ns/project-private/1">
    <editor-bookmarks xmlns="http://www.netbeans.org/ns/editor-bookmarks/2" lastBookmarkId="0"/>
    <open-files xmlns="http://www.netbeans.org/ns/projectui-open-files/2">
        <group>
            <file>file:/C:/Users/ACER/Documents/NETBEANS%20UPDATE/SATGAS2/src/view/Profile_Investor.java</file>
            <file>file:/C:/Users/ACER/Documents/NETBEANS%20UPDATE/SATGAS2/src/model/CashBalance.java</file>
            <file>file:/C:/Users/ACER/Documents/NETBEANS%20UPDATE/SATGAS2/src/view/CashBalance_Investor.java</file>
            <file>file:/C:/Users/ACER/Documents/NETBEANS%20UPDATE/SATGAS2/src/controller/CashBalanceController.java</file>
            <file>file:/C:/Users/ACER/Documents/NETBEANS%20UPDATE/SATGAS2/src/model/Investor.java</file>
            <file>file:/C:/Users/ACER/Documents/NETBEANS%20UPDATE/SATGAS2/src/view/TopUpConfirmation_Investor.java</file>
        </group>
    </open-files>
</project-private>
